<?xml version="1.0" encoding="UTF-8"?>
<GenRun Id="charLib_synth_1" LaunchPart="xc7z010clg400-1" LaunchTime="1715026032">
  <File Type="PA-TCL" Name="charLib.tcl"/>
  <File Type="REPORTS-TCL" Name="charLib_reports.tcl"/>
  <File Type="RDS-RDS" Name="charLib.vds"/>
  <File Type="RDS-UTIL" Name="charLib_utilization_synth.rpt"/>
  <File Type="RDS-UTIL-PB" Name="charLib_utilization_synth.pb"/>
  <File Type="RDS-DCP" Name="charLib.dcp"/>
  <FileSet Name="sources" Type="BlockSrcs" RelSrcDir="$PSRCDIR/charLib" RelGenDir="$PGENDIR/charLib">
    <File Path="$PSRCDIR/sources_1/ip/charLib/charLib.xci">
      <FileInfo>
        <Attr Name="UsedIn" Val="synthesis"/>
        <Attr Name="UsedIn" Val="implementation"/>
        <Attr Name="UsedIn" Val="simulation"/>
      </FileInfo>
    </File>
    <Config>
      <Option Name="TopModule" Val="charLib"/>
      <Option Name="UseBlackboxStub" Val="1"/>
    </Config>
  </FileSet>
  <FileSet Name="constrs_in" Type="BlockSrcs" RelSrcDir="$PSRCDIR/charLib" RelGenDir="$PGENDIR/charLib">
    <File Path="$PSRCDIR/sources_1/ip/charLib/charLib.xci">
      <FileInfo>
        <Attr Name="UsedIn" Val="synthesis"/>
        <Attr Name="UsedIn" Val="implementation"/>
        <Attr Name="UsedIn" Val="simulation"/>
      </FileInfo>
    </File>
    <Config>
      <Option Name="TopModule" Val="charLib"/>
      <Option Name="UseBlackboxStub" Val="1"/>
    </Config>
  </FileSet>
  <FileSet Name="utils" Type="Utils" RelSrcDir="$PSRCDIR/utils_1" RelGenDir="$PGENDIR/utils_1">
    <Filter Type="Utils"/>
    <File Path="$PSRCDIR/utils_1/imports/synth_1/PmodOLEDCtrl.dcp">
      <FileInfo>
        <Attr Name="UsedIn" Val="synthesis"/>
        <Attr Name="UsedIn" Val="implementation"/>
        <Attr Name="UsedInSteps" Val="synth_1"/>
        <Attr Name="AutoDcp" Val="1"/>
      </FileInfo>
    </File>
    <Config>
      <Option Name="TopAutoSet" Val="TRUE"/>
    </Config>
  </FileSet>
  <Strategy Version="1" Minor="2">
    <StratHandle Name="Vivado Synthesis Defaults" Flow="Vivado Synthesis 2023"/>
    <Step Id="synth_design"/>
  </Strategy>
</GenRun>
