<?xml version="1.0" encoding="UTF-8"?>
<GenRun Id="synth_1" LaunchPart="xc7z010clg400-1" LaunchTime="1715029703" LaunchIncrCheckpoint="$PSRCDIR/utils_1/imports/synth_1/PmodOLEDCtrl.dcp">
  <File Type="PA-TCL" Name="PmodOLEDCtrl.tcl"/>
  <File Type="RDS-PROPCONSTRS" Name="PmodOLEDCtrl_drc_synth.rpt"/>
  <File Type="REPORTS-TCL" Name="PmodOLEDCtrl_reports.tcl"/>
  <File Type="RDS-RDS" Name="PmodOLEDCtrl.vds"/>
  <File Type="RDS-UTIL" Name="PmodOLEDCtrl_utilization_synth.rpt"/>
  <File Type="RDS-UTIL-PB" Name="PmodOLEDCtrl_utilization_synth.pb"/>
  <File Type="RDS-DCP" Name="PmodOLEDCtrl.dcp"/>
  <File Type="VDS-TIMINGSUMMARY" Name="PmodOLEDCtrl_timing_summary_synth.rpt"/>
  <File Type="VDS-TIMING-PB" Name="PmodOLEDCtrl_timing_summary_synth.pb"/>
  <FileSet Name="sources" Type="DesignSrcs" RelSrcDir="$PSRCDIR/sources_1" RelGenDir="$PGENDIR/sources_1">
    <Filter Type="Srcs"/>
    <File Path="$PSRCDIR/sources_1/imports/PmodOLED_Source/Delay.vhd">
      <FileInfo>
        <Attr Name="ImportPath" Val="$PPRDIR/../../../ISE/PmodOLED_Source/Delay.vhd"/>
        <Attr Name="ImportTime" Val="1319793102"/>
        <Attr Name="UsedIn" Val="synthesis"/>
        <Attr Name="UsedIn" Val="simulation"/>
      </FileInfo>
    </File>
    <File Path="$PSRCDIR/sources_1/imports/PmodOLED_Source/OledExample.vhd">
      <FileInfo>
        <Attr Name="ImportPath" Val="$PPRDIR/../../../ISE/PmodOLED_Source/OledExample.vhd"/>
        <Attr Name="ImportTime" Val="1320104018"/>
        <Attr Name="UsedIn" Val="synthesis"/>
        <Attr Name="UsedIn" Val="simulation"/>
      </FileInfo>
    </File>
    <File Path="$PSRCDIR/sources_1/imports/PmodOLED_Source/OledInit.vhd">
      <FileInfo>
        <Attr Name="ImportPath" Val="$PPRDIR/../../../ISE/PmodOLED_Source/OledInit.vhd"/>
        <Attr Name="ImportTime" Val="1320105312"/>
        <Attr Name="UsedIn" Val="synthesis"/>
        <Attr Name="UsedIn" Val="simulation"/>
      </FileInfo>
    </File>
    <File Path="$PSRCDIR/sources_1/imports/PmodOLED_Source/SpiCtrl.vhd">
      <FileInfo>
        <Attr Name="ImportPath" Val="$PPRDIR/../../../ISE/PmodOLED_Source/SpiCtrl.vhd"/>
        <Attr Name="ImportTime" Val="1320101068"/>
        <Attr Name="UsedIn" Val="synthesis"/>
        <Attr Name="UsedIn" Val="simulation"/>
      </FileInfo>
    </File>
    <File Path="$PSRCDIR/sources_1/imports/PmodOLED_Source/PmodOLEDCtrl.vhd">
      <FileInfo>
        <Attr Name="ImportPath" Val="$PPRDIR/../../../ISE/PmodOLED_Source/PmodOLEDCtrl.vhd"/>
        <Attr Name="ImportTime" Val="1320104786"/>
        <Attr Name="UsedIn" Val="synthesis"/>
        <Attr Name="UsedIn" Val="simulation"/>
      </FileInfo>
    </File>
    <File Path="$PSRCDIR/sources_1/imports/PmodOLED_Source/charLib.mif">
      <FileInfo>
        <Attr Name="ImportPath" Val="$PPRDIR/../../../ISE/14/PmodOLED_Source/charLib.mif"/>
        <Attr Name="ImportTime" Val="1319086474"/>
        <Attr Name="UsedIn" Val="synthesis"/>
        <Attr Name="UsedIn" Val="simulation"/>
      </FileInfo>
    </File>
    <File Path="$PSRCDIR/sources_1/ip/blk_mem_gen_v6_3/blk_mem_gen_v6_3.upgrade_log"/>
    <File Path="$PSRCDIR/sources_1/ip/charLib/charLib.upgrade_log"/>
    <File Path="$PSRCDIR/characterLib.coe">
      <FileInfo>
        <Attr Name="ImportPath" Val="$PSRCDIR/characterLib.coe"/>
        <Attr Name="ImportTime" Val="1715012856"/>
        <Attr Name="UsedIn" Val="synthesis"/>
        <Attr Name="UsedIn" Val="simulation"/>
      </FileInfo>
    </File>
    <File Path="$PPRDIR/../../pmodoledctrl/PmodOLED_Source/charLib.coe">
      <FileInfo>
        <Attr Name="UsedIn" Val="synthesis"/>
        <Attr Name="UsedIn" Val="simulation"/>
      </FileInfo>
    </File>
    <Config>
      <Option Name="DesignMode" Val="RTL"/>
      <Option Name="TopModule" Val="PmodOLEDCtrl"/>
      <Option Name="TopAutoSet" Val="TRUE"/>
    </Config>
  </FileSet>
  <FileSet Name="constrs_in" Type="Constrs" RelSrcDir="$PSRCDIR/constrs_1" RelGenDir="$PGENDIR/constrs_1">
    <Filter Type="Constrs"/>
    <File Path="$PPRDIR/../../zybo_old_board.xdc">
      <FileInfo>
        <Attr Name="UsedIn" Val="synthesis"/>
        <Attr Name="UsedIn" Val="implementation"/>
      </FileInfo>
    </File>
    <Config>
      <Option Name="ConstrsType" Val="XDC"/>
    </Config>
  </FileSet>
  <FileSet Name="utils" Type="Utils" RelSrcDir="$PSRCDIR/utils_1" RelGenDir="$PGENDIR/utils_1">
    <Filter Type="Utils"/>
    <File Path="$PSRCDIR/utils_1/imports/synth_1/PmodOLEDCtrl.dcp">
      <FileInfo>
        <Attr Name="UsedIn" Val="synthesis"/>
        <Attr Name="UsedIn" Val="implementation"/>
        <Attr Name="UsedInSteps" Val="synth_1"/>
        <Attr Name="AutoDcp" Val="1"/>
      </FileInfo>
    </File>
    <Config>
      <Option Name="TopAutoSet" Val="TRUE"/>
    </Config>
  </FileSet>
  <Strategy Version="1" Minor="2">
    <StratHandle Name="Vivado Synthesis Defaults" Flow="Vivado Synthesis 2015">
      <Desc>Vivado Synthesis Defaults</Desc>
    </StratHandle>
    <Step Id="synth_design"/>
  </Strategy>
  <BlockFileSet Type="BlockSrcs" Name="charLib"/>
</GenRun>
